group,count,avg_tokens_base,avg_tokens_script_aware,frag_rate_base,frag_rate_script_aware
hi_en,1667,9.50749850029994,8.43131373725255,0.0677396986554033,0.059700420009966906
en_hi,1667,8.767246550689862,8.496100779844031,0.060920776193536835,0.06018417410217604
mixed_in_word,1666,9.379951980792317,9.467587034813926,0.06740458405712754,0.06383759433775876
