group,count,avg_tokens_per_word,oov_rate
hi,834,2.1115107913669067,0
hi_noisy,834,3.8657074340527577,0
hi_code_mixed,833,8.911164465786314,0
hi_romanized,833,9.07563025210084,0
hi_long,833,4.857142857142857,0
hi_short,833,1.6734693877551021,0
