vocab_size,target_vocab_size,train_words,test_words,avg_tokens_per_word_train,avg_tokens_per_word_test,oov_rate_train,oov_rate_test,compression_ratio,train_time_ms,tokenization_time_ms,memory_bytes_est
5109,8000,4500,500,1.9635555555555555,2.872,0,0,0.12366866769945778,37699.264981000684,10487.928597000428,170986
5109,16000,4500,500,1.9635555555555555,2.872,0,0,0.12366866769945778,37699.264981000684,9860.443917999975,170986
5109,32000,4500,500,1.9635555555555555,2.872,0,0,0.12366866769945778,37699.264981000684,10132.477928000502,170986
5109,64000,4500,500,1.9635555555555555,2.872,0,0,0.12366866769945778,37699.264981000684,9741.410752000287,170986
5109,128000,4500,500,1.9635555555555555,2.872,0,0,0.12366866769945778,37699.264981000684,9578.51262200065,170986
5109,256000,4500,500,1.9635555555555555,2.872,0,0,0.12366866769945778,37699.264981000684,9521.72540999949,170986
